{
  "name": "es6-babel-react-flux-karma",
  "version": false,
  "ambientDependencies": {
    "jasmine": "github:DefinitelyTyped/DefinitelyTyped/jasmine/jasmine.d.ts#bcd5761826eb567876c197ccc6a87c4d05731054",
    "flux": "github:DefinitelyTyped/DefinitelyTyped/flux/flux.d.ts#bcd5761826eb567876c197ccc6a87c4d05731054",
    "node": "github:DefinitelyTyped/DefinitelyTyped/node/node.d.ts#bcd5761826eb567876c197ccc6a87c4d05731054",
    "react": "github:DefinitelyTyped/DefinitelyTyped/react/react.d.ts#bcd5761826eb567876c197ccc6a87c4d05731054",
    "react-dom": "github:DefinitelyTyped/DefinitelyTyped/react/react-dom.d.ts#bcd5761826eb567876c197ccc6a87c4d05731054",
    "react-addons-test-utils": "github:DefinitelyTyped/DefinitelyTyped/react/react-addons-test-utils.d.ts#bcd5761826eb567876c197ccc6a87c4d05731054"
  }
}
